gfx,cu_num,token,model_dim,inter_dim,expert,topk,act_type,dtype,q_dtype_a,q_dtype_w,q_type,use_g1u1,doweight_stage1,block_m,ksplit,us1,kernelName1,err1,us2,kernelName2,err2,us,run_1stage,xbf16,flat,tflops,bw,_tag
gfx950,256,1,6144,768,129,5,ActivationType.Swiglu,torch.bfloat16,torch.float4_e2m1fn_x2,torch.float4_e2m1fn_x2,QuantType.per_1x32,1,0,32,0,11.0396,flydsl_moe1_afp4_wfp4_bf16_t32x32x256_w3_bnt0_kw4_fp4,1.0%,7.7696,flydsl_moe2_layout_afp4_wfp4_bf16_t32x128x256_atomic_nt_sbm32,1.2%,18.8092,0,0,0,7.53,97086.19,
gfx950,256,2,6144,768,129,5,ActivationType.Swiglu,torch.bfloat16,torch.float4_e2m1fn_x2,torch.float4_e2m1fn_x2,QuantType.per_1x32,1,0,32,0,13.8809,flydsl_moe1_afp4_wfp4_bf16_t32x32x256_bnt0_xcd4_kw4_fp4,1.0%,9.8331,flydsl_moe2_layout_afp4_wfp4_bf16_t32x128x256_atomic_sbm32,1.2%,23.714,0,0,0,11.94,77006.49,
gfx950,256,4,6144,768,129,5,ActivationType.Swiglu,torch.bfloat16,torch.float4_e2m1fn_x2,torch.float4_e2m1fn_x2,QuantType.per_1x32,1,0,32,0,21.262,flydsl_moe1_afp4_wfp4_bf16_t32x32x256_w4_bnt0_kw2_fp4,1.0%,15.1075,flydsl_moe2_layout_afp4_wfp4_bf16_t32x256x128_reduce_sbm32,1.2%,36.3695,0,0,0,15.57,50211.55,
gfx950,256,8,6144,768,129,5,ActivationType.Swiglu,torch.bfloat16,torch.float4_e2m1fn_x2,torch.float4_e2m1fn_x2,QuantType.per_1x32,1,0,32,0,34.9765,flydsl_moe1_afp4_wfp4_bf16_t32x64x256_w2_fp4,1.0%,24.5843,flydsl_moe2_layout_afp4_wfp4_bf16_t32x128x256_atomic_sbm32,1.2%,59.5608,0,0,0,19.01,30661.82,
gfx950,256,16,6144,768,129,5,ActivationType.Swiglu,torch.bfloat16,torch.float4_e2m1fn_x2,torch.float4_e2m1fn_x2,QuantType.per_1x32,1,0,32,0,64.5479,flydsl_moe1_afp4_wfp4_bf16_t32x128x256_w2_xcd4_fp4,1.0%,38.3822,flydsl_moe2_layout_afp4_wfp4_bf16_t32x128x256_atomic_nt_sbm32,1.2%,102.9301,0,0,0,22.0,17743.98,
gfx950,256,32,6144,768,129,5,ActivationType.Swiglu,torch.bfloat16,torch.float4_e2m1fn_x2,torch.float4_e2m1fn_x2,QuantType.per_1x32,1,0,32,0,105.723,flydsl_moe1_afp4_wfp4_bf16_t32x32x256_w4_kw2_fp4,1.0%,56.1883,flydsl_moe2_layout_afp4_wfp4_bf16_t32x128x256_atomic_persist_nt_sbm32,1.2%,161.9113,0,0,0,27.98,11282.01,
gfx950,256,64,6144,768,129,5,ActivationType.Swiglu,torch.bfloat16,torch.float4_e2m1fn_x2,torch.float4_e2m1fn_x2,QuantType.per_1x32,1,0,32,0,105.4931,flydsl_moe1_afp4_wfp4_bf16_t32x64x256_w3_xcd4_kw2_fp4,1.0%,57.4063,flydsl_moe2_layout_afp4_wfp4_bf16_t32x128x256_atomic_persist_nt_sbm32,1.2%,162.8994,0,0,0,55.62,11217.2,
gfx950,256,128,6144,768,129,5,ActivationType.Swiglu,torch.bfloat16,torch.float4_e2m1fn_x2,torch.float4_e2m1fn_x2,QuantType.per_1x32,1,0,32,0,106.1511,flydsl_moe1_afp4_wfp4_bf16_t32x32x256_w2_kw4_fp4,1.0%,59.3003,flydsl_moe2_layout_afp4_wfp4_bf16_t32x256x256_atomic_persist_nt_sbm32,1.2%,165.4514,0,0,0,109.51,11051.31,
gfx950,256,256,6144,768,129,5,ActivationType.Swiglu,torch.bfloat16,torch.float4_e2m1fn_x2,torch.float4_e2m1fn_x2,QuantType.per_1x32,1,0,32,0,106.5387,flydsl_moe1_afp4_wfp4_bf16_t32x64x256_w3_kw2_fp4,1.0%,63.3908,flydsl_moe2_layout_afp4_wfp4_bf16_t32x256x256_atomic_persist_nt_sbm32,1.2%,169.9295,0,0,0,213.26,10773.96,
gfx950,256,512,6144,768,129,5,ActivationType.Swiglu,torch.bfloat16,torch.float4_e2m1fn_x2,torch.float4_e2m1fn_x2,QuantType.per_1x32,1,0,32,0,108.5431,flydsl_moe1_afp4_wfp4_bf16_t32x64x256_w4_kw2_fp4,1.0%,66.2001,flydsl_moe2_layout_afp4_wfp4_bf16_t32x128x256_atomic_nt_sbm32,1.2%,174.7432,0,0,0,414.77,10504.17,
gfx950,256,1024,6144,768,129,5,ActivationType.Swiglu,torch.bfloat16,torch.float4_e2m1fn_x2,torch.float4_e2m1fn_x2,QuantType.per_1x32,1,0,64,0,118.1277,flydsl_moe1_afp4_wfp4_bf16_t64x128x256_w3_fp4,1.0%,78.0796,flydsl_moe2_layout_afp4_wfp4_bf16_t64x128x256_atomic_nt_sbm64,1.2%,196.2073,0,0,0,738.79,9403.16,
gfx950,256,2048,6144,768,129,5,ActivationType.Swiglu,torch.bfloat16,torch.float4_e2m1fn_x2,torch.float4_e2m1fn_x2,QuantType.per_1x32,1,0,128,0,148.7415,flydsl_moe1_afp4_wfp4_bf16_t128x128x256_w2_fp4,1.0%,123.3724,flydsl_moe2_layout_afp4_wfp4_bf16_t64x128x256_atomic_persist_sbm128,1.2%,272.1139,0,0,0,1065.4,6849.5,
gfx950,256,4096,6144,768,129,5,ActivationType.Swiglu,torch.bfloat16,torch.float4_e2m1fn_x2,torch.float4_e2m1fn_x2,QuantType.per_1x32,1,0,64,0,212.3223,flydsl_moe1_afp4_wfp4_bf16_t64x128x256_w2_bnt0_xcd4_fp4,1.0%,214.6685,flydsl_moe2_layout_afp4_wfp4_bf16_t64x128x256_atomic_sbm64,1.2%,426.9908,0,0,0,1357.92,4453.47,
gfx950,256,8192,6144,768,129,5,ActivationType.Swiglu,torch.bfloat16,torch.float4_e2m1fn_x2,torch.float4_e2m1fn_x2,QuantType.per_1x32,1,0,64,0,320.866,flydsl_moe1_afp4_wfp4_bf16_t64x128x256_w3_bnt0_xcd4_fp4,1.0%,364.5435,flydsl_moe2_layout_afp4_wfp4_bf16_t64x128x256_reduce_sbm64,1.2%,685.4095,0,0,0,1691.9,2884.54,
gfx950,256,16384,6144,768,129,5,ActivationType.Swiglu,torch.bfloat16,torch.float4_e2m1fn_x2,torch.float4_e2m1fn_x2,QuantType.per_1x32,1,0,64,0,523.0982,flydsl_moe1_afp4_wfp4_bf16_t64x128x256_w2_bnt0_xcd4_fp4,1.0%,691.8156,flydsl_moe2_layout_afp4_wfp4_bf16_t64x256x128_reduce_persist_sbm64,1.2%,1214.9138,0,0,0,1909.01,1751.63,
gfx950,256,32768,6144,768,129,5,ActivationType.Swiglu,torch.bfloat16,torch.float4_e2m1fn_x2,torch.float4_e2m1fn_x2,QuantType.per_1x32,1,0,64,0,927.3499,flydsl_moe1_afp4_wfp4_bf16_t64x128x256_w2_bnt0_xcd4_fp4,1.0%,1386.813,flydsl_moe2_layout_afp4_wfp4_bf16_t64x256x128_reduce_persist_sbm64,1.2%,2314.1629,0,0,0,2004.42,1050.09,
gfx950,256,1,6144,384,129,5,ActivationType.Swiglu,torch.bfloat16,torch.float4_e2m1fn_x2,torch.float4_e2m1fn_x2,QuantType.per_1x32,1,0,32,0,10.4491,flydsl_moe1_afp4_wfp4_bf16_t32x32x256_w4_bnt0_kw4_fp4,0.9%,7.0217,flydsl_moe2_layout_afp4_wfp4_bf16_t32x128x128_atomic_nt_sbm32,1.1%,17.4708,0,0,0,4.05,52262.4,
gfx950,256,2,6144,384,129,5,ActivationType.Swiglu,torch.bfloat16,torch.float4_e2m1fn_x2,torch.float4_e2m1fn_x2,QuantType.per_1x32,1,0,32,0,11.3087,flydsl_moe1_afp4_wfp4_bf16_t32x32x256_w4_bnt0_kw4_fp4,1.0%,9.1256,flydsl_moe2_layout_afp4_wfp4_bf16_t32x256x128_atomic_nt_sbm32,1.2%,20.4343,0,0,0,6.93,44683.91,
gfx950,256,4,6144,384,129,5,ActivationType.Swiglu,torch.bfloat16,torch.float4_e2m1fn_x2,torch.float4_e2m1fn_x2,QuantType.per_1x32,1,0,32,0,13.6912,flydsl_moe1_afp4_wfp4_bf16_t32x32x256_w4_bnt0_xcd4_kw4_fp4,1.0%,9.843,flydsl_moe2_layout_afp4_wfp4_bf16_t32x128x128_atomic_sbm32,1.2%,23.5342,0,0,0,12.03,38799.76,
gfx950,256,8,6144,384,129,5,ActivationType.Swiglu,torch.bfloat16,torch.float4_e2m1fn_x2,torch.float4_e2m1fn_x2,QuantType.per_1x32,1,0,32,0,20.6808,flydsl_moe1_afp4_wfp4_bf16_t32x64x256_w3_bnt0_kw2_fp4,1.0%,15.5913,flydsl_moe2_layout_afp4_wfp4_bf16_t32x256x128_reduce_persist_sbm32,1.2%,36.2721,0,0,0,15.61,25176.24,
gfx950,256,16,6144,384,129,5,ActivationType.Swiglu,torch.bfloat16,torch.float4_e2m1fn_x2,torch.float4_e2m1fn_x2,QuantType.per_1x32,1,0,32,0,34.37,flydsl_moe1_afp4_wfp4_bf16_t32x128x256_w2_fp4,1.0%,24.6742,flydsl_moe2_layout_afp4_wfp4_bf16_t32x128x128_atomic_nt_sbm32,1.2%,59.0442,0,0,0,19.18,15468.79,
gfx950,256,32,6144,384,129,5,ActivationType.Swiglu,torch.bfloat16,torch.float4_e2m1fn_x2,torch.float4_e2m1fn_x2,QuantType.per_1x32,1,0,32,0,53.8819,flydsl_moe1_afp4_wfp4_bf16_t32x128x256_w4_fp4,1.0%,33.37,flydsl_moe2_layout_afp4_wfp4_bf16_t32x128x128_atomic_persist_nt_sbm32,1.2%,87.2519,0,0,0,25.96,10471.26,
gfx950,256,64,6144,384,129,5,ActivationType.Swiglu,torch.bfloat16,torch.float4_e2m1fn_x2,torch.float4_e2m1fn_x2,QuantType.per_1x32,1,0,32,0,54.1671,flydsl_moe1_afp4_wfp4_bf16_t32x128x256_w2_fp4,1.0%,34.6667,flydsl_moe2_layout_afp4_wfp4_bf16_t32x128x128_atomic_persist_nt_sbm32,1.2%,88.8338,0,0,0,50.99,10291.43,
gfx950,256,128,6144,384,129,5,ActivationType.Swiglu,torch.bfloat16,torch.float4_e2m1fn_x2,torch.float4_e2m1fn_x2,QuantType.per_1x32,1,0,32,0,54.3949,flydsl_moe1_afp4_wfp4_bf16_t32x128x256_w2_fp4,1.0%,33.9674,flydsl_moe2_layout_afp4_wfp4_bf16_t32x256x128_atomic_nt_sbm32,1.2%,88.3623,0,0,0,102.53,10359.7,
gfx950,256,256,6144,384,129,5,ActivationType.Swiglu,torch.bfloat16,torch.float4_e2m1fn_x2,torch.float4_e2m1fn_x2,QuantType.per_1x32,1,0,16,0,86.9523,flydsl_mxmoe_g1_a4w4_16x256x256_f16in_nt_swiglu_xcd4,1.2%,0,flydsl_moe2_layout_afp4_wfp4_bf16_t16x128x128_atomic_persist_sbm16,1.2%,86.9523,0,0,0,208.38,10554.82,
gfx950,256,512,6144,384,129,5,ActivationType.Swiglu,torch.bfloat16,torch.float4_e2m1fn_x2,torch.float4_e2m1fn_x2,QuantType.per_1x32,1,0,32,0,57.2473,flydsl_moe1_afp4_wfp4_bf16_t32x128x256_w3_fp4,1.0%,41.7533,flydsl_moe2_layout_afp4_wfp4_bf16_t32x128x128_atomic_nt_sbm32,1.2%,99.0006,0,0,0,366.05,9317.97,
gfx950,256,1024,6144,384,129,5,ActivationType.Swiglu,torch.bfloat16,torch.float4_e2m1fn_x2,torch.float4_e2m1fn_x2,QuantType.per_1x32,1,0,64,0,61.4784,flydsl_moe1_afp4_wfp4_bf16_t64x128x256_w2_fp4,1.0%,63.2805,flydsl_moe2_layout_afp4_wfp4_bf16_t32x128x128_atomic_persist_sbm64,1.2%,124.7589,0,0,0,580.94,7469.78,
gfx950,256,2048,6144,384,129,5,ActivationType.Swiglu,torch.bfloat16,torch.float4_e2m1fn_x2,torch.float4_e2m1fn_x2,QuantType.per_1x32,1,0,128,0,78.0657,flydsl_moe1_afp4_wfp4_bf16_t128x128x256_w4_fp4,1.0%,95.3285,flydsl_moe2_layout_afp4_wfp4_bf16_t128x128x128_reduce_nt_sbm128,1.2%,173.3942,0,0,0,835.99,5483.44,
gfx950,256,4096,6144,384,129,5,ActivationType.Swiglu,torch.bfloat16,torch.float4_e2m1fn_x2,torch.float4_e2m1fn_x2,QuantType.per_1x32,1,0,64,0,115.3993,flydsl_moe1_afp4_wfp4_bf16_t64x128x256_w4_bnt0_xcd4_fp4,1.0%,175.4733,flydsl_moe2_layout_afp4_wfp4_bf16_t64x128x128_reduce_sbm64,1.2%,290.8726,0,0,0,996.69,3398.55,
gfx950,256,8192,6144,384,129,5,ActivationType.Swiglu,torch.bfloat16,torch.float4_e2m1fn_x2,torch.float4_e2m1fn_x2,QuantType.per_1x32,1,0,64,0,169.2962,flydsl_moe1_afp4_wfp4_bf16_t64x128x256_w2_bnt0_xcd4_fp4,1.0%,331.3988,flydsl_moe2_layout_afp4_wfp4_bf16_t64x256x128_reduce_sbm64,1.2%,500.695,0,0,0,1158.03,2125.13,
gfx950,256,16384,6144,384,129,5,ActivationType.Swiglu,torch.bfloat16,torch.float4_e2m1fn_x2,torch.float4_e2m1fn_x2,QuantType.per_1x32,1,0,64,0,276.8405,flydsl_moe1_afp4_wfp4_bf16_t64x128x256_w2_bnt0_xcd4_fp4,1.0%,585.8257,flydsl_moe2_layout_afp4_wfp4_bf16_t64x256x128_reduce_sbm64_sp1601,1.2%,862.6662,0,0,0,1344.25,1408.47,
gfx950,256,32768,6144,384,129,5,ActivationType.Swiglu,torch.bfloat16,torch.float4_e2m1fn_x2,torch.float4_e2m1fn_x2,QuantType.per_1x32,1,0,64,0,476.8122,flydsl_moe1_afp4_wfp4_bf16_t64x128x256_w4_bnt0_xcd4_fp4,1.0%,1251.8548,flydsl_moe2_layout_afp4_wfp4_bf16_t64x128x128_reduce_sbm64,1.2%,1728.667,0,0,0,1341.66,877.57,
